,#,Nimi,Joukkue,PP,O,L+,L-,L±,COR%,COR%-C,HPA,PPA,PA%,L%,T%,PDO
0,1.0,"Radke, Roy+",SaiPa,OH,1,5,5,0,500,500,4,1,800,333,1000,1333
1,2.0,"Ylitalo, Eemeli*",Sport,OP,3,19,18,1,514,500,9,9,500,250,1000,1250
2,3.0,"Jantunen, Jonne+",Pelicans,OH,3,13,9,4,591,550,11,4,733,200,1000,1200
3,4.0,"Valtola, Olli*",TPS,VH,2,7,5,2,583,583,4,3,571,200,1000,1200
4,5.0,"Harju, Heikki*",Sport,OH,2,13,23,-10,361,361,3,12,200,167,1000,1167
5,6.0,"#  Karalahti, Keni",Pelicans,OP,2,22,26,-4,458,454,11,13,458,210,923,1134
6,7.0,"Huttula, Joona*",Kärpät,VP,5,42,38,4,525,552,14,15,483,240,893,1133
7,8.0,"Jaakola, Konsta*",KooKoo,OH,4,13,18,-5,419,419,7,13,350,125,1000,1125
8,9.0,"Nikkanen, Henri*+",Jukurit,KH,9,51,64,-13,444,431,30,36,454,231,885,1115
9,10.0,"Kouvalainen, Pasi",Pelicans,OH,1,12,4,8,750,909,6,1,857,111,1000,1111
10,11.0,"Ahola, Aapo*",Pelicans,VP,7,43,83,-40,341,356,24,34,414,130,979,1110
11,12.0,"Aaltonen, Juhamatti",Pelicans,OH,7,96,76,20,558,539,40,37,520,157,942,1099
12,13.0,"Mäkitalo, Roope*",Pelicans,OH,4,37,22,15,627,630,19,12,613,95,1000,1095
13,14.0,"Jokinen, Jussi",Kärpät,VH,10,122,90,32,576,595,48,37,565,174,911,1085
14,15.0,"Palojärvi, Antti*",Lukko,VP,16,70,83,-13,458,455,27,33,450,150,929,1079
15,16.0,"#  Kuusisto, Jaakko",HPK,VH,9,59,57,2,509,495,33,22,600,77,1000,1077
16,17.0,"Nieminen, Otto+",TPS,VH,34,272,250,22,521,512,133,146,477,146,929,1075
17,18.0,"Metsävainio, Tino*+",Kärpät,KH,27,231,245,-14,485,492,132,105,557,136,935,1071
18,19.0,"#  Wirtanen, Petteri",TPS,KH,17,194,197,-3,496,490,90,108,454,126,945,1071
19,20.0,"Ritamäki, Janne+",Jukurit,VH,11,89,86,3,509,513,40,52,435,120,950,1070
20,21.0,"Ohtamaa, Atte",Kärpät,VP,43,495,436,59,532,538,249,236,513,126,941,1067
21,22.0,"Vainikainen, Ville",SaiPa,VH,11,56,72,-16,438,436,24,34,414,138,929,1067
22,23.0,"Malinen, Jarkko",Tappara,KH,49,413,470,-57,468,486,218,254,462,132,935,1067
23,24.0,"Lasu, Nicklas",Kärpät,KH,55,627,479,148,567,572,278,247,530,102,962,1064
24,25.0,"Haarala, Santeri*",Sport,KH,11,99,115,-16,463,456,48,51,485,130,933,1063
25,26.0,"Pyörälä, Mika+",Kärpät,VH,45,439,336,103,566,564,237,187,559,136,927,1063
26,27.0,"Stråka, Anton*",JYP,KH,8,63,55,8,534,602,22,25,468,154,909,1063
27,28.0,"Zohorna, Hynek+",Pelicans,OH,45,473,489,-16,492,490,224,207,520,123,940,1062
28,29.0,"Virtanen, Santeri*+",SaiPa,KH,39,264,346,-82,433,422,143,196,422,113,948,1061
29,30.0,"Koblizek, Radek*",Kärpät,OH,49,488,411,77,543,546,238,206,536,100,961,1061
30,31.0,"Leskinen, Ville",Kärpät,OH,54,651,468,183,582,582,303,237,561,117,944,1061
31,32.0,"Vauhkonen, Olavi",Sport,OH,52,501,525,-24,488,480,225,278,447,136,924,1060
32,33.0,"Heshka, Shaun",Kärpät,OP,49,604,468,136,563,549,283,247,534,122,938,1060
33,34.0,"Kinnunen, Santtu*",Pelicans,OP,26,239,246,-7,493,489,124,110,530,114,946,1059
34,35.0,"#  Eklund, Oscar",JYP,OP,16,199,189,10,513,540,94,97,492,113,946,1059
35,36.0,"Lannon, Ryan",Sport,VP,6,32,33,-1,492,508,12,28,300,105,952,1058
36,37.0,"Ollikainen, Anton",Tappara,OH,10,60,32,28,652,667,29,23,558,57,1000,1057
37,38.0,"Oden, Joonas*",KooKoo,OH,16,111,144,-33,435,450,55,66,454,150,905,1055
38,39.0,"Osala, Oskar+",Kärpät,VH,27,271,248,23,522,506,141,122,536,101,954,1055
39,40.0,"Elorinne, Aleksi",Tappara,VP,51,393,493,-100,444,444,212,246,463,114,940,1054
40,41.0,"Thorell, Erik",HIFK,VH,43,495,359,136,580,571,211,164,563,166,886,1052
41,42.0,"Mäkelä, Aleksi",Kärpät,OP,48,449,418,31,518,522,238,203,540,126,924,1051
42,43.0,"Heponiemi, Aleksi*",Kärpät,OH,46,438,376,62,538,556,237,178,571,154,896,1050
43,44.0,"Koivisto, Henrik",HIFK,KH,13,70,92,-22,432,452,33,53,384,154,896,1050
44,45.0,"Záborský, Tomas",Tappara,VH,44,429,398,31,519,520,225,211,516,120,930,1050
45,46.0,"Kristof, Michal",Kärpät,KH,55,503,463,40,521,518,280,242,536,103,946,1049
46,47.0,"Rowley, Jordan",Pelicans,VP,11,155,132,23,540,527,81,82,497,113,936,1049
47,48.0,"Mustonen, Aleksi",Pelicans,KH,46,432,488,-56,470,463,208,219,487,137,913,1049
48,49.0,"Suhonen, Teemu",Tappara,OP,52,613,603,10,504,501,294,331,470,130,920,1049
49,50.0,"Lyytinen, Joonas",HIFK,OP,20,247,185,62,572,579,97,108,473,139,909,1048
50,51.0,"Saarinen, Jesse",Pelicans,VH,50,565,575,-10,496,484,273,234,538,122,926,1047
51,52.0,"Roine, Miika",Jukurit,OH,57,470,692,-222,404,401,212,347,379,125,922,1047
52,53.0,"Heinola, Ville*",Lukko,VP,31,313,300,13,511,522,162,158,506,112,933,1046
53,54.0,"Isiguzo, Bernard*",TPS,OP,14,37,47,-10,440,387,28,19,596,45,1000,1045
54,55.0,"#  Aaltonen, Leevi*",KalPa,VH,6,44,44,0,500,506,23,17,575,95,950,1045
55,56.0,"Kojo, Markus",SaiPa,VP,50,328,467,-139,413,417,157,234,402,101,943,1044
56,57.0,"Suoranta, Simon",TPS,VH,21,200,186,14,518,526,107,82,566,118,926,1044
57,58.0,"Hakanpää, Jani",Kärpät,OP,49,598,480,118,555,565,283,259,522,112,931,1043
58,59.0,"Ainali, Aleksi+",Sport,OH,45,414,454,-40,477,467,207,226,478,109,934,1043
59,60.0,"Pärssinen, Juuso*",TPS,KH,7,37,49,-12,430,500,22,22,500,42,1000,1042
60,61.0,"Laakso, Tapio",Lukko,KH,57,430,497,-67,464,480,217,224,492,116,925,1042
61,62.0,"Kivihalme, Teemu",Kärpät,VP,56,714,541,173,569,567,362,288,557,102,940,1042
62,63.0,"Levtchi, Anton",Tappara,OH,56,442,415,27,516,521,217,229,486,114,926,1040
63,64.0,"Kupari, Rasmus",Kärpät,KH,40,383,297,86,563,566,196,143,578,154,886,1040
64,65.0,"Matinpalo, Nikolas*",Ilves,OP,28,260,232,28,528,522,125,129,492,95,944,1039
65,66.0,"Blood, Ben",Tappara,VP,35,474,366,108,564,585,211,200,513,122,917,1039
66,67.0,"Lindsten, Jasper",Kärpät,VH,49,428,405,23,514,513,206,194,515,112,926,1039
67,68.0,"Oksanen, Emil*+",SaiPa,VH,20,119,174,-55,406,423,76,89,461,106,933,1039
68,69.0,"Siiki, Oskari",TPS,OH,40,239,272,-33,468,473,110,134,451,99,937,1036
69,70.0,"Nikko, Joni",SaiPa,OH,54,447,482,-35,481,485,224,257,466,117,919,1036
70,71.0,"Kuronen, Mikael",SaiPa,VH,29,200,201,-1,499,493,95,109,466,79,956,1035
71,72.0,"Ylönen, Jesse*",Pelicans,OH,49,466,442,24,513,504,252,209,547,110,925,1034
72,73.0,"Nevalainen, Niklas",Sport,OP,43,477,466,11,506,505,211,240,468,110,925,1034
73,74.0,"Jürgens, Casimir",Pelicans,VP,48,731,662,69,525,532,364,298,550,111,922,1034
74,75.0,"Kähkönen, Toni",KooKoo,VH,36,416,390,26,516,506,196,189,509,108,926,1034
75,76.0,"Nättinen, Julius",JYP,KH,39,373,333,40,528,553,179,151,542,107,927,1034
76,77.0,"Haapanen, Topias",Ilves,VH,45,277,311,-34,471,473,158,163,492,126,907,1033
77,78.0,"Piipponen, Samuli",Jukurit,OP,56,589,630,-41,483,483,296,331,472,101,932,1033
78,79.0,"Rask, Joonas",HIFK,OH,53,610,455,155,573,560,276,238,537,140,892,1032
79,80.0,"Ojamäki, Niko",Tappara,OH,55,601,533,68,530,536,276,275,501,115,917,1032
80,81.0,"Yonkman, Nolan",JYP,OP,29,284,324,-40,467,488,155,168,480,98,934,1032
81,82.0,"Vuorisalo, Teemu+",Ässät,OP,7,37,28,9,569,529,16,12,571,143,889,1032
82,83.0,"Viinikainen, Joonas*",JYP,VP,9,69,83,-14,454,480,33,35,485,51,980,1031
83,84.0,"Kuusela, Kristian",Tappara,OH,57,544,575,-31,486,498,280,285,496,117,912,1030
84,85.0,"Saarela, Antti*+",Lukko,KH,23,159,191,-32,454,460,93,82,531,108,922,1030
85,86.0,"Sevänen, Roni",Lukko,OP,55,516,589,-73,467,471,285,271,513,111,919,1030
86,87.0,"Väyrynen, Teemu",TPS,VH,56,433,531,-98,449,449,199,237,456,89,939,1029
87,88.0,"Ahtola, Jerry+",Ilves,KH,26,167,204,-37,450,460,81,100,448,105,924,1029
88,89.0,"Niemi, Jyri",Sport,OP,41,351,459,-108,433,419,162,233,410,115,912,1028
89,90.0,"Toivola, Artturi",Pelicans,KH,54,413,493,-80,456,463,247,232,516,109,920,1028
90,91.0,"Autio, Erik*",SaiPa,OP,47,480,500,-20,490,492,239,239,500,123,906,1028
91,92.0,"Lahtinen, Severi",Pelicans,VH,46,413,431,-18,489,484,194,194,500,103,924,1027
92,93.0,"Luoto, Joona",Tappara,VH,56,499,521,-22,489,486,246,246,500,94,932,1027
93,94.0,"Saari, Micke",SaiPa,KH,40,353,313,40,530,540,176,166,515,83,944,1027
94,95.0,"Teppo, Miihkali",Pelicans,VP,40,397,466,-69,460,467,200,210,488,107,919,1026
95,96.0,"DeFazio, Brandon",Lukko,VH,56,565,564,1,500,492,268,276,493,116,910,1026
96,97.0,"Utunen, Toni*",Tappara,VP,40,287,335,-48,461,464,143,155,480,71,955,1026
97,98.0,"Vittasmäki, Veli-Matti",Tappara,VP,43,474,479,-5,497,514,225,247,477,112,913,1025
98,99.0,"Kallela, Toni",Sport,VH,49,561,459,102,550,539,254,221,535,110,915,1025
99,100.0,"Tomasek, David",JYP,KH,53,626,556,70,530,526,274,247,526,84,940,1025
100,101.0,"Tuppurainen, Jani",JYP,VH,51,610,539,71,531,542,247,257,490,98,927,1025
101,102.0,"Lehtinen, Oskari",SaiPa,VH,40,219,251,-32,466,460,129,124,510,97,927,1024
102,103.0,"Heikkinen, Ilkka",TPS,OP,54,601,586,15,506,506,306,288,515,83,941,1024
103,104.0,"Kukkonen, Lasse",Kärpät,VP,55,451,464,-13,493,497,263,237,526,85,939,1024
104,105.0,"Kemiläinen, Valtteri",Tappara,OP,54,607,556,51,522,521,297,298,499,105,918,1024
105,106.0,"Kousa, Mikko",Pelicans,OP,47,730,657,73,526,522,371,275,574,122,902,1024
106,107.0,"Parikka, Jarkko",Ilves,VP,55,679,574,105,542,549,339,275,552,108,916,1024
107,108.0,"Virtanen, Jonne!",TPS,KH,54,400,445,-45,473,471,189,233,448,94,928,1023
108,109.0,"Leskinen, Ville",Jukurit,OH,39,345,309,36,528,522,171,196,466,84,939,1023
109,110.0,"Piskula, Joe+",TPS,VP,48,568,629,-61,474,481,281,320,468,88,935,1023
110,111.0,"Kiviranta, Joel",Sport,OH,44,446,399,47,528,530,212,186,533,107,916,1023
111,112.0,"Laavainen, Roope",HPK,OP,20,145,164,-19,469,449,84,92,477,89,934,1023
112,113.0,"Koivistoinen, Eetu",Lukko,VH,57,435,434,1,501,512,221,218,503,100,922,1022
113,114.0,"Niemelä, Mikko",Kärpät,OP,48,445,523,-78,460,459,244,240,504,94,928,1022
114,115.0,"Immonen, Jarkko",JYP,KH,57,745,674,71,525,543,321,313,506,87,935,1022
115,116.0,"Morley, Tyler",SaiPa,KH,55,532,544,-12,494,486,257,259,498,116,906,1022
116,117.0,"Tyrväinen, Juhani",HIFK,KH,52,598,488,110,551,541,272,249,522,133,888,1022
117,118.0,"Järvinen, Matti",Tappara,KH,56,536,422,114,560,556,242,236,506,115,907,1022
118,119.0,"Maalahti, Kalle",SaiPa,VP,57,605,641,-36,486,490,306,356,462,113,908,1021
119,120.0,"Vartiainen, Taavi",Pelicans,VH,56,460,514,-54,472,486,260,228,533,108,912,1020
120,121.0,"#  Lindroos, Alex*",JYP,VP,11,57,61,-4,483,462,31,33,484,97,923,1020
121,122.0,"#  Partanen, Mika",Jukurit,VH,30,249,365,-116,406,392,121,172,413,106,912,1019
122,123.0,"Manninen, Oskari",Sport,VP,48,626,636,-10,496,494,290,304,488,100,918,1019
123,124.0,"Lundell, Anton*",HIFK,KH,34,331,266,65,554,565,151,152,498,112,906,1018
124,125.0,"Lukka, Santeri",TPS,OP,49,592,636,-44,482,486,285,325,467,83,935,1018
125,126.0,"Iso-Mustajärvi, Tomi",SaiPa,KH,57,360,482,-122,428,436,204,253,446,72,944,1017
126,127.0,"Savilahti, Eero",Ilves,VH,25,171,193,-22,470,480,86,84,506,110,907,1017
127,128.0,"Tikka, Tommi",Sport,KH,44,388,410,-22,486,488,186,220,458,98,920,1017
128,129.0,"Motin, Johan",HIFK,OP,56,662,518,144,561,563,294,294,500,110,906,1017
129,130.0,"Björninen, Hannes",Pelicans,KH,55,693,569,124,549,539,341,263,565,96,921,1017
130,131.0,"Sailio, Jari",Kärpät,VH,45,363,357,6,504,489,197,202,494,78,940,1017
131,132.0,"Appelgren, Niklas",Ässät,KH,38,282,344,-62,450,457,139,172,447,84,933,1017
132,133.0,"Oksanen, Ahti",SaiPa,OH,46,481,435,46,525,534,231,229,502,93,923,1016
133,134.0,"Eronen, Teemu+",HIFK,VP,49,648,447,201,592,594,280,247,531,115,900,1015
134,135.0,"Varakas, Ville",HIFK,VP,56,557,542,15,507,516,261,264,497,128,886,1014
135,136.0,"Talaja, Roope",Sport,VH,52,485,547,-62,470,468,257,291,469,108,907,1014
136,137.0,"Goodwin, David",SaiPa,VH,56,536,507,29,514,509,246,241,505,100,914,1014
137,138.0,"Newton, Jake",JYP,VP,20,217,227,-10,489,503,117,115,504,88,926,1014
138,139.0,"Kangasniemi, Iikka",HIFK,OH,36,357,302,55,542,531,156,179,466,133,880,1013
139,140.0,"Kalapudas, Antti",Sport,KH,52,487,555,-68,467,466,237,258,479,105,909,1013
140,141.0,"Puustinen, Valtteri*",HPK,OH,44,395,347,48,532,530,184,197,483,79,934,1013
141,142.0,"Kantola, Kai+",KalPa,OH,29,298,262,36,532,533,143,124,536,103,910,1013
142,143.0,"Kivelä, Niko",Pelicans,OH,42,360,391,-31,479,474,200,189,514,98,915,1013
143,144.0,"Westermarck, Victor",Sport,OP,53,446,535,-89,455,455,214,252,459,99,913,1012
144,145.0,"Moilanen, Sami*",Tappara,VH,24,141,140,1,502,504,78,55,586,96,916,1012
145,146.0,"Kuukka, Mikko",JYP,VP,54,578,592,-14,494,511,287,296,492,70,942,1012
146,147.0,"Ilomäki, Arttu",Lukko,KH,57,551,499,52,525,525,291,242,546,91,921,1012
147,148.0,"Rauhala, Otto",Tappara,KH,57,463,493,-30,484,491,223,239,483,97,914,1011
148,149.0,"Hyvärinen, Ville",Jukurit,VP,54,336,529,-193,388,390,178,288,382,85,926,1011
149,150.0,"Turkulainen, Jerry",JYP,OH,56,622,546,76,532,539,315,262,546,82,929,1011
150,151.0,"Seppälä, Jere",SaiPa,OP,47,415,487,-72,460,454,211,248,460,101,909,1011
151,152.0,"Sund, Tony",Sport,VP,56,657,706,-49,482,486,314,371,458,103,907,1010
152,153.0,"Nilsson, Henrik",Pelicans,OP,45,441,501,-60,468,471,237,221,518,87,922,1010
153,154.0,"Shtshemerov, Aleksandr",Pelicans,OP,28,268,341,-73,440,430,147,128,534,90,920,1010
154,155.0,"Rapuzzi, William",Sport,OH,54,480,550,-70,466,471,271,258,512,98,912,1010
155,156.0,"Kainulainen, Harri",Jukurit,OH,44,327,303,24,519,512,144,161,472,71,939,1010
156,157.0,"Kaski, Oliwer",Pelicans,OP,55,790,689,101,534,526,365,327,528,96,913,1009
157,158.0,"Pitkänen, Miikka",KooKoo,KH,56,630,643,-13,495,492,316,285,526,98,911,1009
158,159.0,"Fälth, Elias",Tappara,OP,34,294,275,19,517,524,136,150,476,93,916,1009
159,160.0,"Elimäki, Roope",Pelicans,KH,17,104,100,4,510,497,57,43,570,94,914,1008
160,161.0,"Rautiainen, Teemu",Ilves,VH,53,554,413,141,573,564,256,200,561,100,907,1008
161,162.0,"Jokinen, Jaakko",JYP,OP,15,132,185,-53,416,439,88,98,473,89,920,1008
162,163.0,"Kichton, Brenden",SaiPa,OP,43,486,519,-33,484,489,225,254,470,103,905,1008
163,164.0,"Tyrväinen, Antti",Pelicans,KH,45,409,386,23,514,510,194,168,536,104,904,1008
164,165.0,"Fairchild, Cade",KalPa,VP,38,455,444,11,506,505,224,199,530,83,925,1008
165,166.0,"Marttinen, Jyri",Ässät,VP,49,587,689,-102,460,452,296,344,462,78,930,1008
166,167.0,"Vainio, Olli",Ilves,OP,41,346,265,81,566,570,175,153,534,97,910,1007
167,168.0,"Flood, Mark",Ilves,OP,56,569,527,42,519,532,286,277,508,107,900,1007
168,169.0,"Vainio, Juuso",JYP,OP,52,640,617,23,509,512,303,296,506,78,928,1007
169,170.0,"Eronen, Elmeri",TPS,OP,42,436,415,21,512,517,234,208,529,97,910,1007
170,171.0,"Bonsaksen, Alexander",KooKoo,VP,49,559,669,-110,455,468,271,326,454,93,914,1006
171,172.0,"Ronkainen, Taneli",Kärpät,VP,38,309,343,-34,474,470,173,166,510,71,935,1006
172,173.0,"Sammalisto, Jerry*",Ässät,KH,18,98,128,-30,434,428,46,64,418,70,936,1006
173,174.0,"Mäntylä, Tuukka",Tappara,VP,46,428,457,-29,484,486,210,225,483,98,908,1006
174,175.0,"Danforth, Justin",Lukko,OH,56,634,597,37,515,507,316,303,510,102,903,1005
175,176.0,"Gymer, Frank+",KalPa,VH,45,398,338,60,541,538,196,168,538,95,910,1005
176,177.0,"Mäkinen, Konsta",KalPa,OP,57,406,437,-31,482,474,203,188,519,92,912,1005
177,178.0,"#  Järvinen, Joonas",Tappara,VP,14,117,168,-51,410,410,65,85,433,87,917,1004
178,179.0,"Keränen, Janne",Lukko,VH,56,518,461,57,529,524,285,231,552,89,915,1004
179,180.0,"Anttila, Sami",Kärpät,VH,34,294,268,26,523,524,154,142,520,104,901,1004
180,181.0,"Nousiainen, Kim*",KalPa,VP,6,32,32,0,500,466,15,13,536,62,941,1004
181,182.0,"Mieho, Panu",Ilves,KH,42,309,300,9,507,500,186,158,541,108,896,1004
182,183.0,"Auk, Mark",Lukko,OP,47,388,369,19,512,527,173,174,499,106,899,1004
183,184.0,"Ikonen, Joona",Ilves,OH,56,455,408,47,527,534,262,230,532,88,915,1003
184,185.0,"Laaksonen, Oskari",Ilves,OP,43,558,463,95,546,545,286,194,596,107,897,1003
185,186.0,"Ruokonen, Miro",HPK,VH,54,357,337,20,514,505,172,172,500,62,941,1002
186,187.0,"Niemeläinen, Markus",HPK,VP,47,443,393,50,530,520,195,218,472,67,936,1002
187,188.0,"Perrin, Éric",JYP,KH,53,606,506,100,545,546,287,251,534,85,917,1002
188,189.0,"Viljanen, Valtteri",Sport,OP,53,609,612,-3,499,498,291,344,458,89,913,1002
189,190.0,"Åsten, Micke-Max",HIFK,OH,40,284,243,41,539,551,130,149,466,78,922,1001
190,191.0,"Robak, Colby+",Sport,VP,29,331,380,-49,466,473,167,186,473,102,899,1001
191,192.0,"Kaskinen, Olli*",TPS,VP,45,413,440,-27,484,487,225,209,518,72,929,1001
192,193.0,"Valtonen, Julius",Ilves,OH,17,96,77,19,555,592,44,42,512,69,932,1001
193,194.0,"Liuksiala, Juho",Ilves,OH,50,427,349,78,550,554,224,173,564,119,882,1001
194,195.0,"#  Jaakola, Topi",TPS,VP,1,10,9,1,526,526,5,5,500,00,1000,1000
195,196.0,"Wittchow, Ed",KooKoo,VP,43,508,549,-41,481,476,243,247,496,116,884,1000
196,197.0,"Nurmi, Markus",TPS,OH,57,510,551,-41,481,483,251,257,494,62,938,1000
197,198.0,"Vanhatalo, Lassi*",Tappara,VH,1,9,3,6,750,750,5,2,714,00,1000,1000
198,199.0,"Ruotsi, Jesse*",Lukko,KH,19,116,107,9,520,521,75,49,605,65,936,1000
199,200.0,"Tieksola, Tuukka*",Kärpät,VH,1,7,11,-4,389,389,5,4,556,00,1000,1000
200,201.0,"Wehmas, Jeremi*",Tappara,VP,2,2,5,-3,286,250,0,3,-,00,1000,1000
201,202.0,"Jääskä, Juha",HIFK,KH,43,395,344,51,534,540,177,196,474,106,893,1000
202,203.0,"#  Aitola, Olli",JYP,OP,1,7,10,-3,412,400,0,3,-,00,1000,1000
203,204.0,"#  Katosalmi, Janne",KalPa,OH,2,15,16,-1,484,484,7,5,583,00,1000,1000
204,205.0,"Koskenkorva, Jesse*",Kärpät,KH,1,10,2,8,833,800,5,3,625,00,1000,1000
205,206.0,"Korpikoski, Lauri",TPS,VH,1,7,6,1,538,600,4,2,667,00,1000,1000
206,207.0,"Asplund, Turo",Jukurit,KH,55,534,627,-93,460,452,277,322,462,97,903,1000
207,208.0,"Airola, Santeri*",SaiPa,OP,1,6,11,-5,353,353,6,8,429,00,1000,1000
208,209.0,"Siikonen, Miska",Pelicans,KH,52,516,528,-12,494,499,236,220,518,84,917,1000
209,210.0,"Ekeståhl-Jonsson, Lucas",TPS,VP,55,657,574,83,534,542,317,274,536,97,903,1000
210,211.0,"Mäntykivi, Matias*",SaiPa,OH,6,16,17,-1,485,429,11,7,611,00,1000,1000
211,212.0,"Mustonen, Matias*",JYP,OH,1,8,6,2,571,571,4,5,444,00,1000,1000
212,213.0,"Nevasaari, Arttu*",TPS,OH,3,14,12,2,538,500,10,7,588,00,1000,1000
213,214.0,"Erholtz, Eemil*",Sport,OH,1,6,12,-6,333,333,5,4,556,00,1000,1000
214,215.0,"#  Gormley, Brandon",TPS,VP,24,251,253,-2,498,499,124,124,500,80,919,999
215,216.0,"Strömwall, Malte",KooKoo,OH,48,600,528,72,532,526,283,239,542,105,895,999
216,217.0,"Henritius, Teemu",Jukurit,KH,54,470,521,-51,474,469,212,300,414,79,920,999
217,218.0,"#  Kärki, Jarno",Ässät,VH,41,465,494,-29,485,464,243,267,476,87,912,999
218,219.0,"Vähätalo, Julius",Jukurit,KH,57,430,615,-185,412,413,215,261,452,99,900,999
219,220.0,"Peltola, Niko",Ilves,VP,56,616,712,-96,464,465,335,389,463,70,929,999
220,221.0,"Santala, Tommi",HIFK,KH,56,533,473,60,530,526,214,270,442,126,873,999
221,222.0,"Ruotsalainen, Arttu",Ilves,KH,55,657,487,170,574,584,303,238,560,90,909,999
222,223.0,"Ruuttu, Alexander",KalPa,OH,28,313,276,37,531,542,141,110,562,116,882,998
223,224.0,"Järvinen, Jan-Mikael",Tappara,KH,57,542,519,23,511,516,281,277,504,94,903,998
224,225.0,"Kokkonen, Mikko*",Jukurit,OP,53,495,675,-180,423,430,233,350,400,92,907,998
225,226.0,"Riska, Filip",HPK,KH,52,383,366,17,511,498,185,208,471,50,947,997
226,227.0,"Ikonen, Ossi",JYP,VP,54,558,549,9,504,509,284,273,510,72,925,997
227,228.0,"Pynnönen, Jarkko*",Pelicans,VP,44,375,429,-54,466,466,188,197,488,80,917,997
228,229.0,"Salmela, Tuomas*",Ilves,VP,50,574,541,33,515,523,303,272,527,97,899,996
229,230.0,"Hakulinen, Anrei",KooKoo,VH,50,568,467,101,549,550,254,203,556,87,909,996
230,231.0,"Rautanen, Juho",Tappara,VP,26,231,273,-42,458,452,124,116,517,84,912,996
231,232.0,"Reunanen, Tarmo",Lukko,VP,55,655,637,18,507,508,341,293,538,92,904,995
232,233.0,"Palve, Oula",TPS,KH,50,556,500,56,526,535,321,241,571,89,906,995
233,234.0,"Petrell, Lennart",HIFK,VH,44,305,391,-86,438,439,168,200,456,79,916,995
234,235.0,"Claireaux, Valentin",Sport,OH,36,276,286,-10,491,494,130,163,444,88,908,995
235,236.0,"Berger, Martin!",KooKoo,VP,16,186,190,-4,495,498,92,103,472,67,929,995
236,237.0,"Suomi, Eemeli",Ilves,VH,45,520,395,125,568,576,242,195,554,87,908,995
237,238.0,"Gröndahl, Ari",KalPa,OP,57,572,611,-39,484,484,300,260,536,90,904,994
238,239.0,"Flinck, Markku",Jukurit,KH,53,490,464,26,514,508,236,298,442,79,914,994
239,240.0,"Hietanen, Valtteri",Jukurit,OP,36,339,426,-87,443,434,177,229,436,85,909,994
240,241.0,"Vidgren, Aaro",Lukko,OH,57,418,418,0,500,504,222,202,524,90,902,993
241,242.0,"Varttinen, Aleksi*",Ässät,OP,46,442,548,-106,446,441,227,264,462,75,918,993
242,243.0,"Jokinen, Markus",JYP,VH,37,307,299,8,507,511,168,145,537,79,914,993
243,244.0,"Ahonen, Rony",Lukko,VP,42,437,469,-32,482,471,225,203,526,102,890,992
244,245.0,"Paukku, Jesse",Sport,VH,51,412,478,-66,463,466,196,232,458,104,887,992
245,246.0,"Haaparanta, Mikko*",SaiPa,OH,5,29,23,6,558,500,9,12,429,59,933,992
246,247.0,"Rooba, Robert",JYP,OH,53,546,463,83,541,534,265,217,550,54,938,992
247,248.0,"Friman, Niklas",HPK,VP,53,816,630,186,564,566,386,339,532,84,909,992
248,249.0,"#  Koponen, Marlo",Jukurit,VP,19,214,215,-1,499,505,109,120,476,79,911,991
249,250.0,"Allén, Roni*",JYP,OP,33,312,246,66,559,544,176,127,581,71,920,991
250,251.0,"Mankinen, Jesse",Pelicans,VH,53,585,553,32,514,508,278,239,538,92,899,991
251,252.0,"Tamminen, Juhani",Ilves,KH,47,431,326,105,569,564,218,169,563,89,902,991
252,253.0,"Riikola, Simo-Pekka",Lukko,OP,29,255,243,12,512,505,116,134,464,78,913,991
253,254.0,"Kakko, Kaapo*",TPS,VH,42,501,427,74,540,532,267,214,555,92,898,991
254,255.0,"Pajuniemi, Lauri",TPS,OH,42,357,313,44,533,541,166,168,497,74,916,991
255,256.0,"Halmo, Mike",Ilves,OH,48,432,391,41,525,523,242,177,578,75,915,990
256,257.0,"Kunyk, Cody+",SaiPa,KH,53,517,530,-13,494,508,264,288,478,117,873,990
257,258.0,"Tallberg, Teemu",HIFK,VH,22,193,134,59,590,589,82,78,512,93,896,990
258,259.0,"#  Lessio, Lucas",HIFK,OH,16,158,135,23,539,546,74,78,487,100,890,990
259,260.0,"Koivisto, Toni",Lukko,OH,56,552,498,54,526,515,259,237,522,103,887,990
260,261.0,"Nyman, Linus*",Lukko,VH,49,400,375,25,516,515,212,179,542,71,918,989
261,262.0,"Salo, Robin",SaiPa,VP,55,551,579,-28,488,483,284,303,484,71,917,989
262,263.0,"Kuru, Hannu+",TPS,KH,37,269,351,-82,434,439,132,150,468,62,928,989
263,264.0,"Luostarinen, Eetu",KalPa,KH,51,524,481,43,521,518,270,216,556,86,903,989
264,265.0,"Jaatinen, Antti",Jukurit,OP,38,273,393,-120,410,406,121,184,397,97,891,988
265,266.0,"Krejcik, Jakub",Lukko,OP,52,674,573,101,540,542,321,324,498,81,908,988
266,267.0,"Humaloja, Miska",Kärpät,KH,42,296,325,-29,477,461,151,188,445,65,922,988
267,268.0,"Lehtonen, Matias*+",Tappara,VH,15,72,64,8,529,549,33,30,524,91,897,988
268,269.0,"Finley, Joe+",HIFK,VP,19,115,102,13,530,534,55,60,478,91,897,988
269,270.0,"Bjorkstrand, Patrick",TPS,VH,56,568,518,50,523,534,277,266,510,57,930,987
270,271.0,"Jasu, Juhani",Tappara,KH,57,421,467,-46,474,480,208,229,476,74,913,987
271,272.0,"Karvinen, Otto",Kärpät,OH,50,374,406,-32,480,472,199,220,475,47,940,987
272,273.0,"O'Connor, Ryan",HIFK,OP,55,623,611,12,505,500,298,342,466,81,906,987
273,274.0,"Sopanen, Vili",Lukko,OH,10,84,78,6,518,509,39,36,520,94,892,986
274,275.0,"Latvala, Otto*",HPK,OP,5,50,45,5,526,506,18,33,353,74,912,986
275,276.0,"Lahti, Miika",JYP,KH,52,366,403,-37,476,473,204,231,469,66,919,985
276,277.0,"Denisov, Vladimir+",SaiPa,VP,40,373,514,-141,420,430,214,277,436,83,901,985
277,278.0,"Salmela, Saku",Ässät,OP,54,475,638,-163,427,417,240,294,449,91,894,985
278,279.0,"Lehtimäki, Miro*",Sport,OH,27,251,209,42,546,537,104,98,515,91,894,985
279,280.0,"Erkinjuntti, Antti",Tappara,VH,56,528,454,74,538,537,259,235,524,92,892,985
280,281.0,"Sutter, Brody+",Sport,KH,45,450,487,-37,480,486,211,255,453,98,887,984
281,282.0,"Jääskeläinen, Joona",Jukurit,OH,4,43,46,-3,483,488,19,19,500,95,889,984
282,283.0,"Tanus, Kristian*",Jukurit,KH,20,113,177,-64,390,388,70,70,500,100,884,984
283,284.0,"Quincey, Kyle",HIFK,VP,31,344,324,20,515,508,164,200,450,85,898,984
284,285.0,"Salmio, Mikko!",Ässät,VH,43,336,450,-114,428,431,161,199,447,88,896,984
285,286.0,"Juusela, Aki",Ässät,OH,25,152,197,-45,436,446,68,77,469,68,916,984
286,287.0,"Salminen, Sakari",HIFK,VH,53,620,573,47,520,509,299,297,502,94,890,984
287,288.0,"Niskala, Janne",Lukko,VP,43,329,331,-2,498,493,167,150,527,82,901,983
288,289.0,"Salonen, Aleksi",TPS,OP,50,581,703,-122,452,447,279,328,460,78,905,983
289,290.0,"Hämäläinen, Janne",HIFK,OH,6,36,49,-13,424,419,23,23,500,80,903,983
290,291.0,"Seppälä, Peetro*",KooKoo,VP,29,265,314,-49,458,442,123,139,470,40,944,983
291,292.0,"Ikonen, Jasse",HIFK,KH,43,364,336,28,520,525,202,188,518,67,915,982
292,293.0,"Forsström, Jani",TPS,VP,51,396,400,-4,498,507,199,196,504,69,913,982
293,294.0,"Ikonen, Joni+",KalPa,KH,13,137,119,18,535,526,68,60,531,98,885,982
294,295.0,"Budish, Zach",TPS,OH,56,644,585,59,524,527,346,289,545,84,898,982
295,296.0,"Varttinen, Matias",Ässät,OH,41,285,349,-64,450,438,125,183,406,74,909,982
296,297.0,"Tiivola, Peter",Ässät,KH,46,478,551,-73,464,447,245,267,478,90,892,982
297,298.0,"Lähde, Nestori",Jukurit,VH,52,267,409,-142,395,386,133,213,384,93,889,982
298,299.0,"Palmu, Petrus",TPS,VH,26,292,243,49,546,543,165,113,594,56,925,981
299,300.0,"Nikkilä, Petteri",HPK,OP,56,776,626,150,554,557,381,310,551,100,881,981
300,301.0,"Laakso, Aleksi",HIFK,VP,30,244,234,10,510,514,130,112,537,99,883,981
301,302.0,"Lepaus, Teemu",Ilves,VH,56,551,444,107,554,553,305,244,556,85,895,980
302,303.0,"Sneck, Jere+",SaiPa,OP,51,464,481,-17,491,489,231,243,487,73,907,980
303,304.0,"Karjalainen, Jere",Tappara,OH,10,74,76,-2,493,510,41,37,526,75,905,980
304,305.0,"Pitkänen, Ilmari",HIFK,VH,48,350,345,5,504,505,159,174,478,75,904,979
305,306.0,"#  Salo, Niklas",Pelicans,VH,12,70,75,-5,483,474,37,26,587,49,930,979
306,307.0,"Keskitalo, Miro",Pelicans,OP,43,444,436,8,504,508,197,207,488,84,895,979
307,308.0,"Filppula, Ilari",TPS,KH,41,504,420,84,546,536,255,199,562,81,897,978
308,309.0,"Lahti, Janne+",HPK,VH,19,130,132,-2,496,480,61,74,452,51,928,978
309,310.0,"Mäenpää, Mikko",JYP,OP,20,273,248,25,524,550,122,108,530,70,907,977
310,311.0,"#  Taipalus, Lauri",KalPa,VP,18,148,181,-33,450,432,68,75,476,62,915,977
311,312.0,"Paajanen, Otto",HPK,KH,57,644,516,128,555,545,340,279,549,87,890,977
312,313.0,"Kalliola, Joonas",Jukurit,VH,54,324,444,-120,422,424,162,240,403,92,886,977
313,314.0,"#  Koules, Miles",HIFK,OH,13,86,128,-42,402,404,37,79,319,100,877,977
314,315.0,"Kalteva, Mikko",JYP,VP,54,746,642,104,538,555,341,334,505,66,909,976
315,316.0,"Riska, Erik",Sport,KH,46,326,384,-58,459,462,151,222,405,90,887,976
316,317.0,"Innala, Jere",HPK,VH,57,680,552,128,552,544,335,292,534,77,898,975
317,318.0,"Krivosik, Filip*",HPK,OH,22,178,159,19,528,527,74,79,484,47,929,975
318,319.0,"Leimu, Juha",Ilves,VP,35,271,196,75,580,576,130,116,528,64,911,975
319,320.0,"Kolehmainen, Janne",JYP,VH,54,339,389,-50,466,486,204,220,481,54,921,974
320,321.0,"Tuulola, Eetu",HPK,OH,57,627,481,146,566,554,337,244,580,84,890,974
321,322.0,"Laatikainen, Arto",HPK,VP,52,603,504,99,545,540,310,270,534,85,889,974
322,323.0,"Tavi, Janne!",HPK,OH,56,556,600,-44,481,482,289,262,524,88,885,973
323,324.0,"Piitulainen, Jesper",Jukurit,OH,56,494,516,-22,489,483,240,282,460,70,904,973
324,325.0,"Vainionpää, Samuli*",Ilves,KH,46,356,307,49,537,551,187,156,545,65,908,973
325,326.0,"Hytönen, Juha-Pekka",JYP,KH,55,498,432,66,536,529,291,239,549,63,909,972
326,327.0,"Salmela, Santeri",KooKoo,VP,17,88,182,-94,326,335,47,79,373,106,866,972
327,328.0,"Pereskokov, Vadim",Jukurit,OH,43,435,440,-5,497,488,234,216,520,84,888,972
328,329.0,"#  Tukonen, Lauri",Ässät,VH,7,74,88,-14,457,461,36,43,456,48,923,971
329,330.0,"Rantakari, Otso+",Tappara,OP,46,555,450,105,552,556,275,222,553,97,874,971
330,331.0,"Valtola, Kalle*",KooKoo,OP,53,562,446,116,558,562,243,223,522,90,881,971
331,332.0,"Lindgren, Jesper",HPK,OP,42,581,413,168,584,582,279,220,559,63,908,971
332,333.0,"Kivenmäki, Otto*",Ässät,VH,30,246,314,-68,439,433,131,157,455,83,887,970
333,334.0,"Vainio, Veeti+",SaiPa,OP,8,42,86,-44,328,336,25,39,391,77,894,970
334,335.0,"Laitinen, Vili*",Lukko,OP,19,176,175,1,501,503,89,76,539,43,926,970
335,336.0,"Rissanen, Jaakko",KalPa,KH,45,484,446,38,520,522,214,162,569,106,864,970
336,337.0,"Seppälä, Mikael",KalPa,VP,25,255,246,9,509,516,144,100,590,84,886,970
337,338.0,"Ganahl, Manuel",Lukko,VH,45,351,289,62,548,555,173,148,539,35,934,969
338,339.0,"Hopponen, Erno*",Ilves,VP,8,79,58,21,577,571,33,30,524,94,875,969
339,340.0,"Pelli, Arttu",KooKoo,OP,55,602,633,-31,487,478,292,277,513,87,882,969
340,341.0,"Jalonen, Jimi*",Jukurit,OP,46,394,434,-40,476,466,205,230,471,94,874,968
341,342.0,"Turunen, Teemu",HPK,OH,54,647,490,157,569,558,329,241,577,96,872,968
342,343.0,"Willman Borvik, Gustav*",Sport,OH,11,68,101,-33,402,438,34,49,410,57,911,968
343,344.0,"Knuutinen, Henri+",KalPa,KH,41,246,248,-2,498,489,142,106,573,43,926,968
344,345.0,"Ojantakanen, Kasperi*",KooKoo,KH,46,389,384,5,503,501,178,183,493,87,880,967
345,346.0,"Petman, Ville*+",Lukko,OH,14,78,88,-10,470,487,41,28,594,91,875,966
346,347.0,"Antonen, Joose",Ilves,OH,55,524,418,106,556,548,272,217,556,82,884,966
347,348.0,"And, Terry*",HIFK,OH,14,88,95,-7,481,475,46,59,438,83,882,966
348,349.0,"Jokinen, Tommi",KalPa,VH,54,452,531,-79,460,448,238,229,510,63,902,966
349,350.0,"Rekonen, Aleksi",Ässät,OH,51,464,526,-62,469,456,245,270,476,58,907,965
350,351.0,"Vainiola, Ville-Vesa",KalPa,KH,42,340,401,-61,459,457,176,161,522,61,904,964
351,352.0,"Leskinen, Otto",KalPa,OP,54,749,721,28,510,496,371,286,565,77,886,964
352,353.0,"Tommila, Juho",Sport,OP,39,389,412,-23,486,477,186,196,487,84,880,964
353,354.0,"Lucenius, Niclas",HPK,KH,36,391,337,54,537,519,195,157,554,106,857,963
354,355.0,"Laine, Mikko",Pelicans,OH,35,202,183,19,525,534,103,101,505,57,906,963
355,356.0,"Leino, Robert",HPK,KH,57,691,472,219,594,593,334,279,545,71,892,963
356,357.0,"Virtanen, Mikko",KooKoo,KH,54,353,451,-98,439,447,180,225,444,57,906,963
357,358.0,"Louhivaara, Ossi",JYP,OH,53,399,427,-28,483,478,201,240,456,63,900,963
358,359.0,"Juhola, Jouka",Ässät,VH,27,170,257,-87,398,400,90,114,441,73,890,963
359,360.0,"#  Tamminen, Henri",JYP,OH,5,27,44,-17,380,429,18,26,409,00,963,963
360,361.0,"Killinen, Lenni*",Ässät,OH,28,196,216,-20,476,463,96,111,464,79,884,963
361,362.0,"Klemetti, Aleksi*",KalPa,VH,53,394,461,-67,461,459,212,175,548,79,884,962
362,363.0,"Karjalainen, Miro",HPK,OP,44,335,302,33,526,507,169,171,497,45,917,962
363,364.0,"Koho, Ville",SaiPa,KH,43,262,386,-124,404,411,157,199,441,79,884,962
364,365.0,"Hotakainen, Valtteri+",Jukurit,KH,35,241,272,-31,470,473,113,151,428,85,876,961
365,366.0,"Kanninen, Henri",HPK,VH,36,268,262,6,506,514,128,121,514,54,907,960
366,367.0,"#  Piipponen, Topi",KalPa,VH,22,117,157,-40,427,406,61,57,517,71,889,960
367,368.0,"Leivo, Tomi+",KooKoo,VH,46,330,419,-89,441,447,176,197,472,56,905,960
368,369.0,"Liedes, Heikki+",Lukko,VH,50,476,431,45,525,535,232,216,518,75,884,960
369,370.0,"Petman, Mikko*",Lukko,OH,13,60,91,-31,397,403,32,26,552,62,898,960
370,371.0,"Körkkö, Tomi",Sport,VH,51,337,409,-72,452,466,162,224,420,65,894,960
371,372.0,"Korhonen, Olli",KooKoo,VH,24,133,186,-53,417,449,77,90,461,51,908,959
372,373.0,"Maia, Bastien*",SaiPa,OH,11,38,59,-21,392,318,19,29,396,56,903,959
373,374.0,"Kankaanperä, Markus",HIFK,VP,43,334,383,-49,466,467,151,201,429,116,843,959
374,375.0,"Makkonen, Jussi",Ässät,KH,56,479,627,-148,433,427,239,297,446,74,883,957
375,376.0,"Engberg, Teemu",HIFK,VH,37,237,217,20,522,527,123,118,510,57,900,957
376,377.0,"Lähteenmäki, Sami+",Ässät,OH,15,139,168,-29,453,447,78,74,513,122,835,957
377,378.0,"Carson, Brett",KooKoo,OP,33,326,440,-114,426,429,165,203,448,54,902,957
378,379.0,"Ulander, Elias",HIFK,OP,34,243,216,27,529,532,113,115,496,60,897,957
379,380.0,"#  Vainonen, Mikko",Sport,VP,11,66,100,-34,398,413,43,47,478,108,846,954
380,381.0,"Strömberg, Kim",KooKoo,OH,37,391,379,12,508,500,180,171,513,82,873,954
381,382.0,"Karvonen, Elias",TPS,KH,28,215,206,9,511,524,117,95,552,56,898,953
382,383.0,"Nuutinen, Mikko",KalPa,OH,56,550,559,-9,496,496,276,234,541,63,890,953
383,384.0,"Almari, Niclas",HPK,VP,41,399,370,29,519,507,210,193,521,43,910,953
384,385.0,"Friberg, Jere",Lukko,KH,13,86,62,24,581,558,47,33,588,56,897,953
385,386.0,"Simontaival, Kasper*",Tappara,OH,5,23,24,-1,489,489,5,9,357,167,786,952
386,387.0,"Wilson, Ryan",KalPa,VP,53,721,722,-1,500,498,349,311,529,74,878,952
387,388.0,"Haataja, Juha-Pekka",KooKoo,OH,50,545,507,38,518,521,255,224,532,66,886,952
388,389.0,"Löfman, Anssi+",SaiPa,OH,23,174,190,-16,478,495,91,93,495,95,857,952
389,390.0,"Cornet, Philippe+",HPK,OH,44,484,341,143,587,586,254,222,534,74,878,951
390,391.0,"#  Tamminen, Sami",KooKoo,KH,18,59,87,-28,404,424,22,49,310,34,917,951
391,392.0,"Ratinen, Samuli*",JYP,VH,48,371,374,-3,498,504,200,202,498,45,905,950
392,393.0,"Tuohilampi, Kristian",Ässät,VP,52,436,619,-183,413,415,224,326,407,60,889,949
393,394.0,"Kaksonen, Elmeri",SaiPa,VH,17,94,142,-48,398,412,63,58,521,78,870,949
394,395.0,"Nenonen, Markus",HPK,VH,49,551,387,164,587,581,265,207,561,80,869,949
395,396.0,"Suuronen, Toni",KooKoo,VH,54,389,490,-101,442,446,213,260,450,49,899,948
396,397.0,"Mutanen, Sami",KooKoo,OH,37,241,332,-91,421,427,113,162,411,50,897,947
397,398.0,"Tanus, Jonatan",SaiPa,VH,51,379,469,-90,447,452,209,244,461,66,880,946
398,399.0,"Kulmala, Lauri*",Ässät,OH,31,151,241,-90,385,371,78,109,417,72,872,945
399,400.0,"Pyett, Logan",KooKoo,OP,21,268,239,29,529,535,125,108,536,43,901,945
400,401.0,"Pikkarainen, Ilkka",KalPa,OH,13,118,84,34,584,590,62,35,639,99,846,945
401,402.0,"Sillanpää, Severi",Ässät,KH,54,388,483,-95,446,440,202,239,458,60,884,944
402,403.0,"Hyvärinen, Toni+",KalPa,OH,39,319,307,12,510,486,149,137,521,65,879,944
403,404.0,"Junnila, Jyri",KalPa,OH,30,196,234,-38,456,455,124,101,551,24,919,944
404,405.0,"Seppälä, Erkka*",HPK,KH,18,98,107,-9,478,456,57,50,533,43,900,943
405,406.0,"Texier, Alexandre",KalPa,VH,52,601,488,113,552,551,282,185,604,92,851,943
406,407.0,"Hermonen, Julius*",Kärpät,VH,3,14,16,-2,467,483,14,8,636,143,800,943
407,408.0,"Torikka, Kasperi*+",SaiPa,VP,26,155,214,-59,420,416,95,100,487,36,905,941
408,409.0,"Könönen, Juuso*",KalPa,VH,37,207,222,-15,482,474,116,88,569,27,914,941
409,410.0,"Laitamäki, Elias*",Ilves,VP,7,17,10,7,630,600,11,4,733,83,857,940
410,411.0,"#  Gordon, Andrew",Lukko,OH,7,50,58,-8,463,494,31,40,437,59,879,938
411,412.0,"Keränen, Juho",HIFK,OH,19,143,155,-12,480,492,84,75,528,68,869,937
412,413.0,"Saha, Mikael",Ässät,OH,50,340,422,-82,446,443,172,218,441,41,896,937
413,414.0,"Riekkinen, Joona*",KalPa,OP,13,88,104,-16,458,468,52,32,619,34,903,937
414,415.0,"#  Saukko, Ville",Sport,OP,25,197,260,-63,431,453,110,117,485,62,873,936
415,416.0,"Karlsson, Erik",KooKoo,KH,47,404,442,-38,478,474,180,194,481,84,852,936
416,417.0,"Savolainen, Joonas*",TPS,VH,9,46,49,-3,484,526,16,30,348,29,906,936
417,418.0,"Nordgren, Niklas*+",HIFK,OH,15,143,102,41,584,586,71,62,534,66,869,935
418,419.0,"Sebok, Balazs+",KalPa,KH,33,389,332,57,540,534,187,154,548,44,892,935
419,420.0,"Parikka, Valtteri",KalPa,OP,24,261,243,18,518,523,126,99,560,34,899,933
420,421.0,"Generous, Matt",Ilves,OP,36,311,304,7,506,507,177,164,519,22,912,933
421,422.0,"Puistola, Patrik*",Tappara,VH,16,73,100,-27,422,424,34,47,420,70,857,927
422,423.0,"Kristensen, Emil+",KooKoo,OP,6,41,50,-9,450,514,24,24,500,120,806,926
423,424.0,"Huttunen, Heikki*",Jukurit,OH,6,43,46,-3,483,494,23,26,469,37,889,926
424,425.0,"Peltomäki, Niklas*",Ässät,OP,32,245,263,-18,482,460,130,126,508,43,883,926
425,426.0,"Taimi, Tommi+",Ässät,OP,24,252,312,-60,447,429,143,158,475,45,881,926
426,427.0,"Honka, Anttoni*",Jukurit,OP,24,271,243,28,527,509,110,144,433,56,870,926
427,428.0,"Huhtanen, Tuomas",Ässät,VH,48,305,442,-137,408,394,164,202,448,42,882,925
428,429.0,"#  Barker, Cam",Ilves,VP,7,55,42,13,567,593,36,21,632,65,853,918
429,430.0,"Hämäläinen, Sakke*",Pelicans,KH,3,7,13,-6,350,267,7,10,412,00,917,917
430,431.0,"Luusuaniemi, Aatu*",SaiPa,OH,7,28,66,-38,298,298,12,35,255,00,917,917
431,432.0,"Arrak, Robert*",Sport,KH,4,20,21,-1,488,488,8,8,500,00,917,917
432,433.0,"Koivisto, Kimi+",KooKoo,VH,21,160,154,6,510,514,74,69,518,83,830,914
433,434.0,"Brejcak, Jan",HPK,VP,37,304,238,66,561,554,169,149,531,68,842,910
434,435.0,"Lappalainen, Lasse",KalPa,VP,43,477,434,43,524,533,239,183,566,49,861,910
435,436.0,"Ketola, Juuso*+",Ässät,OP,7,51,74,-23,408,366,16,32,333,00,909,909
436,437.0,"Kukkonen, Miska*",Lukko,OP,8,32,21,11,604,595,15,4,790,00,909,909
437,438.0,"Pennanen, Toivo*",Sport,VP,7,45,41,4,523,532,18,20,474,121,788,909
438,439.0,"Nättinen, Topi",SaiPa,KH,40,318,352,-34,475,487,164,184,471,67,835,902
439,440.0,"#  O'Donnell, Brendan",KooKoo,KH,3,13,16,-3,448,482,15,14,517,00,900,900
440,441.0,"Lamberg, Matti+",Ässät,OH,8,37,36,1,507,471,24,18,571,00,895,895
441,442.0,"Ek, Aleksi*",Pelicans,VP,3,25,34,-9,424,424,14,15,483,59,833,892
442,443.0,"Henttonen, Toni*",Ilves,VH,2,19,12,7,613,613,10,7,588,00,889,889
443,444.0,"Merelä, Waltteri*",Pelicans,OH,9,55,54,1,505,490,23,33,411,38,848,887
444,445.0,"#  Ahonen, Jesse*",Pelicans,OP,4,19,24,-5,442,452,6,17,261,00,875,875
445,446.0,"#  Kombe, Kristjan*",HPK,VH,3,16,10,6,615,632,14,11,560,00,875,875
446,447.0,"Takala, Eemeli",Ässät,VH,1,11,10,1,524,524,7,4,636,00,875,875
447,448.0,"Kiviniemi, Teemu",Ässät,OP,2,11,16,-5,407,409,7,3,700,00,875,875
448,449.0,"Viinikainen, Olli-Petteri*",JYP,OP,4,19,17,2,528,528,11,11,500,00,875,875
449,450.0,"Nykopp, Thomas+",HIFK,KH,19,161,128,33,557,551,85,65,567,12,855,868
450,451.0,"Winberg, Tobias*",HIFK,VP,4,13,14,-1,482,482,5,7,417,167,700,867
451,452.0,"Ahopelto, Erik*",Ilves,KH,7,48,25,23,658,658,32,21,604,36,800,836
452,453.0,"#  Juusola, Mikko*",KalPa,VH,4,32,25,7,561,585,30,10,750,00,812,812
453,454.0,"Rutanen, Aleksi*",JYP,OH,4,11,18,-7,379,393,6,8,429,00,800,800
454,455.0,"#  Mäkinen, Atte*",TPS,VH,2,9,12,-3,429,429,7,6,538,00,800,800
455,456.0,"Ylitalo, Niklas*",Lukko,OH,2,12,16,-4,429,435,5,3,625,00,778,778
456,457.0,"Larinmaa, Jesper*",TPS,VH,2,6,5,1,546,600,3,3,500,00,667,667
457,458.0,"Heino, Lauri*",Pelicans,VH,1,6,4,2,600,667,1,3,250,00,333,333
458,459.0,"Troshin, Daniil*",Ilves,VP,1,1,7,-6,125,125,1,2,333,-,1000,-
459,460.0,"#  Pylkkänen, Eetu*",TPS,VP,1,1,2,-1,333,333,0,3,-,-,1000,-
460,461.0,"Åkerman, Tobias*",Sport,OP,1,0,0,0,-,-,0,0,-,-,-,-
461,462.0,"Kalajanniska, Oskari*",JYP,OH,1,0,0,0,-,-,0,0,-,-,-,-
462,463.0,"#  Foster, Taylor",Sport,KH,1,0,5,-5,-,-,1,2,333,-,750,-
463,464.0,"Haatanen, Aleks*",Pelicans,OH,2,1,6,-5,143,-,2,3,400,-,1000,-
464,465.0,"#  Mäkinen, Otto*",Tappara,KH,1,0,0,0,-,-,0,0,-,-,-,-
465,466.0,"#  Vesterinen, Saku*",KalPa,OP,2,0,0,0,-,-,0,0,-,-,-,-
466,467.0,"Koski, Kevin*",TPS,VP,3,1,4,-3,200,200,3,2,600,-,667,-
